0.6168243,0.6242677,0.030834973,0.010464741
0.23020501,0.2321568,0.017881768,0.010776575
0.16007043,0.16369578,0.01219704,0.006113603
0.041665364,0.040630557,0.007625482,0.0057261763
0.028073704,0.022576312,0.007498672,0.0062733274
0.022106672,0.017069021,0.007154033,0.0059687966
0.0154029615,0.010089544,0.005445363,0.0060512987
0.011773167,0.007728946,0.004848325,0.004263339
0.011342992,0.007217518,0.0037431093,0.0036796601
0.012652274,0.0083627105,0.005481093,0.0040591913
0.011646049,0.008443436,0.004372773,0.0037403833
0.012260954,0.008873725,0.006012798,0.0037864973
0.011794077,0.007717036,0.0048647234,0.0027487208
0.011827637,0.0066239727,0.0062580593,0.0020092414
0.011107103,0.008130312,0.004801746,0.0025532814
0.010673579,0.007177408,0.0048003276,0.0027097454
0.011100616,0.008112228,0.0046761855,0.0023089438
0.010019895,0.009170512,0.0053586913,0.0032050784
0.010528604,0.008404924,0.005649552,0.0025132366
0.010456629,0.007843414,0.005859066,0.003424759
0.010471317,0.007389627,0.0050609233,0.0029687018
0.011672888,0.012924974,0.00728095,0.0038316266
0.016239064,0.015754882,0.0042440128,0.0026727063
0.01120544,0.009986233,0.00510477,0.0036072251
0.010748898,0.009191137,0.0066327457,0.0027613589
0.0129300235,0.01181185,0.008048732,0.002979882
0.010841029,0.0068958127,0.0100745335,0.0027018948
0.011377431,0.00759423,0.011040045,0.0030483557
0.011220128,0.008647871,0.011496516,0.0031238678
0.011131716,0.008453995,0.011130406,0.0035296893
0.0138261365,0.008479174,0.010433182,0.0027614885
0.009337618,0.009348535,0.010949267,0.0025447817
0.029261153,0.021256126,0.0168915,0.008309387
0.015300987,0.018013002,0.010800212,0.0048884405
0.009477275,0.014858613,0.009797007,0.0039994135
0.009313922,0.00935111,0.007626343,0.0034350029
0.0063450024,0.0071375417,0.0072032423,0.0026274764
0.0049988474,0.005430695,0.0044098073,0.002258433
0.011127173,0.008676696,0.0044296575,0.0019152934
0.007843974,0.006170242,0.0028185302,0.0016919766
0.0072805774,0.007346015,0.008921306,0.003056007
0.0065121255,0.006428344,0.010761801,0.0026916862
0.008903234,0.012776616,0.011382975,0.011002997
0.0057712607,0.005377376,0.0056703296,0.0021572637
0.007033637,0.0048861364,0.0080791,0.0023769592
0.0066578384,0.004733161,0.009312084,0.0026650252
0.008957827,0.008249842,0.009867474,0.011011547
0.03212988,0.040357392,0.014879673,0.011889756
0.0052594705,0.007334995,0.0049500614,0.004031147
0.0037550037,0.0032657941,0.0021603834,0.0011990498
0.0048420136,0.0031723455,0.0035732398,0.0015716355
0.004326635,0.0029767565,0.003094862,0.0013277475
0.0076662116,0.0044078194,0.007783966,0.0016871595
0.008215802,0.0038216892,0.009135901,0.0016390902
0.010159683,0.0048849713,0.009535794,0.0018761826
0.010138906,0.0025962698,0.007675262,0.0014355672
0.012282529,0.0050884457,0.005512306,0.0020933086
0.009742796,0.0030384068,0.006624273,0.0013661246
0.010932182,0.003818143,0.0062414412,0.0013687293
0.009827724,0.0033599492,0.00652316,0.0013138243
0.010820509,0.003959964,0.006563905,0.002125128
0.0119178835,0.0058791116,0.008066274,0.0023187927
0.013206071,0.0071261274,0.008350549,0.0068058125
0.015298029,0.0047451463,0.008327385,0.002326898
0.014575989,0.0050209276,0.012010528,0.0019299695
0.017074855,0.008661819,0.009917497,0.0019965298
0.016036598,0.0045577507,0.01251954,0.0017629613
0.017466987,0.0049338294,0.01085322,0.001801518
0.020698434,0.0050402107,0.013285384,0.0017327655
0.022261847,0.006687474,0.012001625,0.002215848
0.019447155,0.0088478625,0.015307966,0.0020907677
0.021865474,0.010898266,0.013883788,0.0042384346
0.019185612,0.0106586525,0.015213636,0.0029828139
0.02525654,0.007199241,0.011731248,0.0032583878
0.018004837,0.006865637,0.016050834,0.0028352663
0.023108639,0.008490909,0.013805801,0.0035532645
0.018291159,0.0065331035,0.02061466,0.003446617
0.022250645,0.005534891,0.016947111,0.0025143865
0.017634474,0.0045089372,0.025103515,0.0030210665
0.023148688,0.004282662,0.021886004,0.003103902
0.017090138,0.0039568665,0.027684638,0.0022639544
0.02265272,0.0041634245,0.024468198,0.002162702
0.03734694,0.04180099,0.033744253,0.01724771
0.013094517,0.0038257453,0.008826021,0.0021724189
0.015380514,0.0058516497,0.026973575,0.002320518
0.01857333,0.006800977,0.024637857,0.0025521442
0.017274907,0.022636626,0.021366043,0.01263592
0.010560477,0.003153256,0.010920875,0.0032261568
0.00938124,0.015081914,0.009567425,0.0063621476
0.0056226337,0.0046850084,0.009473643,0.0018977012
0.004377892,0.0066764355,0.0038843048,0.0035292266
0.0033836854,0.0024724824,0.0018223169,0.00083431246
0.018022247,0.003179033,0.022533812,0.00178993
0.01814869,0.0033735314,0.018239915,0.0014935288
0.017478403,0.024124846,0.016160414,0.016094284
0.009732898,0.0034021016,0.0089596445,0.0014071681
0.015608532,0.0031955664,0.01629189,0.0019397277
0.0146176005,0.0037606084,0.014131933,0.001506269
0.0146943005,0.002934101,0.0106853545,0.0018632067
0.015624776,0.0027998225,0.00811183,0.0010981756
0.0111264335,0.0046419837,0.007393029,0.0022745742
0.010487366,0.0044202856,0.009199503,0.0014793848
0.0076995385,0.0038488833,0.007966379,0.0025253976
0.007826421,0.003388145,0.010639386,0.0015327714
0.020053362,0.0023554424,0.026751827,0.002363279
0.012737994,0.015675072,0.020103175,0.014260166
0.014134202,0.012608087,0.016351894,0.010713374
0.0124566015,0.010349145,0.013658036,0.008683475
0.0129565885,0.008813431,0.0139706135,0.01137488
0.01199318,0.0070201727,0.015843032,0.013902306
0.012011366,0.004145846,0.018569622,0.01763498
0.013541959,0.0036570476,0.015521018,0.01825617
0.016807297,0.011228998,0.018053148,0.0214177
0.01369975,0.011492606,0.019421497,0.013545676
0.017288024,0.01200312,0.01940749,0.01594082
0.014494691,0.012353581,0.0168217,0.016506385
0.019158399,0.023923557,0.019462127,0.020624474
0.006851903,0.0062060067,0.008994848,0.009002605
0.015873125,0.016829105,0.015669007,0.013312213
0.0105993,0.012024531,0.017740386,0.01085094
0.0073981206,0.006194989,0.009030532,0.006589357
0.016461223,0.01280253,0.016270757,0.021990102
0.006075368,0.0040510334,0.013460022,0.013207927
0.004488758,0.0047067804,0.019444374,0.008149613
0.012773538,0.016203223,0.010063478,0.0067120506
0.0036227307,0.002896039,0.007304237,0.0066782716
0.0072727185,0.007804853,0.0069778003,0.004368541
0.0016576598,0.0014445235,0.0054949187,0.003986298
0.0035169697,0.0031839528,0.003432349,0.003543278
0.014603402,0.013634601,0.007097471,0.0069058365
0.0024579633,0.0028973406,0.0021913315,0.0023497683
0.001689304,0.0017247868,0.0024386635,0.0032373145
0.0022196511,0.0016545077,0.00908641,0.008980044
0.0037923644,0.002847392,0.0037186537,0.004178781
0.0019450815,0.0016462454,0.004985128,0.010883977
0.0023330895,0.0018434615,0.0062615406,0.012651292
0.016762517,0.011413795,0.008876153,0.016881231
0.014810804,0.012012006,0.010486,0.01815892
0.009075707,0.013656517,0.0119614815,0.01887741
0.0064516924,0.015474902,0.015885452,0.019261144
0.0014953252,0.01704667,0.020273257,0.0188161
0.008929789,0.0139889065,0.020384928,0.02006912
0.0066084596,0.012413598,0.019016616,0.0218839
0.007932796,0.013256703,0.02194399,0.019098084
0.00828536,0.017606772,0.019336259,0.018191937
0.0025178874,0.0051535303,0.019513171,0.018693691
0.011224412,0.017027507,0.017326027,0.02152583
0.0139500685,0.017918646,0.016872033,0.019745924
0.017477114,0.020253876,0.017444529,0.0184471
0.00960671,0.015832625,0.02449222,0.018902302
0.008504599,0.011388177,0.012006406,0.009958777
0.017389437,0.024597513,0.016738418,0.016867362
0.004556747,0.0050931443,0.00617929,0.004870238
0.0106432075,0.011906777,0.012360403,0.0103760455
0.015396605,0.025005534,0.01817354,0.019765416
0.0046658595,0.0054072044,0.0062324256,0.0051222667
0.009258869,0.0132564735,0.012093294,0.013272721
0.019431919,0.025106285,0.019678893,0.01758415
0.0045353477,0.0067495382,0.019799538,0.017343132
0.011399025,0.014351732,0.013202868,0.0109592695
0.0027403415,0.0030943549,0.011392768,0.010794966
0.0039576753,0.0051973946,0.0057907356,0.00477438
0.018555095,0.023607837,0.01738444,0.019757777
0.0022842777,0.0028745485,0.0031879914,0.0026386937
0.010813002,0.01224163,0.010303741,0.01108808
0.0022292705,0.0029501223,0.0034164367,0.0022465023
0.004783677,0.004582535,0.0052783876,0.004837755
0.019498255,0.024753882,0.018056352,0.019770797
0.0024145625,0.002688242,0.0029337923,0.002719943
0.010896251,0.010338293,0.010790848,0.01101809
0.0023025814,0.00220425,0.017505052,0.020591335
0.0022610112,0.0024674842,0.018135734,0.016137142
0.01671356,0.021913517,0.018358748,0.018862242
0.0015487127,0.0016269605,0.011858875,0.010738555
0.010705323,0.010969179,0.01149832,0.012700961
0.001818476,0.0017236221,0.020592675,0.017711537
0.0014984662,0.001539737,0.019761702,0.01936837
0.021189095,0.025466776,0.018088352,0.017969167
0.001495232,0.0012950294,0.011498149,0.011234637
0.011941734,0.013412468,0.012914907,0.011944862
0.0011974555,0.0013034891,0.005465522,0.005387028
0.0054846643,0.005253114,0.0057673026,0.005635191
0.02430557,0.019517643,0.02247082,0.02074515
0.024764085,0.02410164,0.018714655,0.017784085
0.0260533,0.020800574,0.021067068,0.019653104
0.029783592,0.017663548,0.0248282,0.022813283
0.037106413,0.006248251,0.028640253,0.018572481
0.044510063,0.002090854,0.028860925,0.0033513221
0.04420242,0.002317607,0.030652404,0.002919478
0.04326788,0.0020623913,0.030490786,0.0022117198
0.0532886,0.021307878,0.02771002,0.004243076
0.02962187,0.023733698,0.024970863,0.00397939
0.023367168,0.02613157,0.022517113,0.0042834785
0.020063993,0.020792358,0.024146676,0.023179652
0.014868549,0.015115308,0.013571373,0.0032905866
0.01360879,0.01292238,0.01691015,0.015232263
0.01159516,0.006746556,0.007969784,0.0033316053
0.017351503,0.02757215,0.030826315,0.0043373173
0.015217394,0.029155076,0.017712811,0.029169418
0.01952913,0.028663788,0.020861758,0.028121551
0.002653445,0.0020391534,0.0029330193,0.0012810322
0.011664804,0.018728854,0.010866899,0.014885388
0.0024881982,0.0016588635,0.0020073922,0.0012090685
0.006977288,0.005875862,0.006919935,0.0016488419
0.012448001,0.020740319,0.016587153,0.0024110654
0.010620271,0.0142241595,0.021464746,0.030682588
0.013364142,0.018127682,0.021946935,0.025915762
0.002672192,0.0014551992,0.0025244055,0.0016797037
0.009493824,0.011021145,0.013191953,0.014666269
0.001454422,0.0010828947,0.0016433625,0.0013637062
0.0015257257,0.0007637274,0.0010756681,0.0005101472
0.001962189,0.0016939621,0.0022454213,0.00090940256
0.0029824227,0.0028406582,0.0032551107,0.0025228874
0.0142622525,0.032500107,0.0152249895,0.029589754
0.0018872047,0.0016753447,0.0022465223,0.0014946281
0.008532907,0.017904675,0.009998367,0.015546007
0.0018454876,0.0013467399,0.0017372261,0.0010592059
0.011593376,0.023923488,0.017539345,0.030612227
0.00096844765,0.00094033,0.00115287,0.00077480345
0.00236393,0.0029606868,0.0035414572,0.003229256
0.016660828,0.03370238,0.013907003,0.029905334
0.0016606215,0.0018951896,0.0024978206,0.0020184233
0.008086029,0.017665878,0.00934061,0.013022129
0.0019236316,0.0014269785,0.0020281547,0.001240669
0.004110853,0.007450627,0.005551454,0.005355077
0.0011428031,0.0011209376,0.0012596216,0.00081919093
0.0020933244,0.0025956403,0.0029251708,0.0028836657
0.0150988465,0.010949372,0.0141052995,0.0130298585
0.01451707,0.030093223,0.012186067,0.015410732
0.014350707,0.031804197,0.012543478,0.026610168
0.011751494,0.026699146,0.014031783,0.029037304
0.0013533827,0.0015261748,0.0018906683,0.0006066111
0.0012209021,0.0013997077,0.0013441832,0.0012569892
0.00039472003,0.00041538023,0.0005148327,0.00024215922
0.0006373451,0.0006977075,0.0007902222,0.00062038854
0.0030624175,0.0013944228,0.0040410478,0.0013040873
0.015628813,0.029205507,0.012308582,0.028582191
0.0021944537,0.00081868435,0.002622521,0.00091926206
0.009114758,0.014848254,0.008226201,0.014513535
0.0016013839,0.00076449296,0.0019180918,0.0007224222
0.0037154008,0.005333788,0.0048703817,0.0051068896
0.0010367756,0.00056750054,0.0012853976,0.00046866175
0.0020633228,0.002495308,0.0026482558,0.002348374
0.01639825,0.02728308,0.0149242785,0.027533486
0.014664214,0.025061328,0.017979639,0.027085584
0.015825517,0.025141213,0.020644374,0.02871072
0.0030952028,0.0038455417,0.02561918,0.029401634
0.0006128538,0.001595981,0.029571075,0.025082627
0.00077079807,0.00062615436,0.028392024,0.027073711
0.0011909616,0.00094194984,0.029972691,0.025621645
0.0010422051,0.0017207485,0.027230635,0.02705776
0.003862015,0.004174632,0.027892511,0.028809566
0.0041139647,0.004425996,0.028048888,0.029151842
0.0043813833,0.0038560864,0.026370823,0.032371417
0.005805239,0.004799555,0.024646241,0.028211243
0.0053919004,0.004158201,0.022569679,0.022497894
0.0050586862,0.0039236983,0.020130489,0.020513628
0.036751576,0.017938236,0.01888511,0.020499047
0.0036007923,0.003171382,0.01541099,0.012573098
0.004748554,0.0046321554,0.02020299,0.01954
0.004602464,0.0046333647,0.021108907,0.01766005
0.004721728,0.004750888,0.020623762,0.019281743
0.026506323,0.030112332,0.019257724,0.017090347
0.0029079858,0.0029919988,0.01348279,0.011964853
0.01754428,0.016617278,0.01317509,0.011486925
0.030746631,0.029039653,0.021255355,0.017719734
0.029140957,0.030376893,0.021676198,0.01746501
0.028336065,0.02985616,0.020989696,0.018747017
0.02642553,0.0318952,0.021426728,0.020685725
0.023191974,0.03160172,0.021884827,0.024765704
0.020828843,0.027864888,0.023572506,0.024567515
0.0029515843,0.0022039085,0.0044823484,0.005617424
0.002509225,0.0018962116,0.0041957856,0.0042905114
0.002816395,0.0020150933,0.004167624,0.0057344874
0.03229092,0.021019366,0.020486815,0.018964672
0.0009963808,0.0008960011,0.0020689368,0.0027103366
0.016753206,0.013063561,0.013204748,0.012255964
0.0008836171,0.00085617485,0.0017733113,0.0021066817
0.00657154,0.006386077,0.00842885,0.007671895
0.0031935722,0.0035109178,0.0030307735,0.00369727
0.0061163967,0.019171905,0.007907414,0.019860739
0.005491568,0.017477876,0.0042786296,0.017201696
0.032238573,0.017056914,0.018263146,0.01692275
0.0043892055,0.017208539,0.004376742,0.019875173
0.01699344,0.011345316,0.013040487,0.012458161
0.0032461677,0.012761447,0.0038810803,0.014399706
0.0070392312,0.006891359,0.0076065045,0.009788704
0.0024673652,0.01940263,0.0027258792,0.01684777
0.0070207613,0.022285154,0.005237607,0.018997613
0.005126723,0.018307982,0.00707128,0.019477833
0.020862648,0.020037862,0.017058315,0.021039592
0.017447133,0.018458717,0.017805912,0.020764027
0.019520178,0.024208918,0.0158146,0.019452825
0.0122750625,0.021671686,0.007348387,0.020912454
0.003740504,0.016679538,0.0038123163,0.027043803
0.0072874567,0.01694373,0.0073779207,0.023767062
0.017061291,0.0152929975,0.016948722,0.021269094
0.018468825,0.016485132,0.017212484,0.026081553
0.0211887,0.017366752,0.017506856,0.020657178
0.012563036,0.01176184,0.011486756,0.010291353
0.0087766545,0.009689707,0.008708116,0.00680551
0.017619114,0.019642828,0.020217188,0.025232142
0.018954378,0.018255426,0.022491056,0.025667239
0.019437628,0.01831753,0.019413667,0.021974
0.024368996,0.01862585,0.015771776,0.019372307
0.014037344,0.0123018725,0.01202826,0.00937591
0.009717242,0.009787304,0.0075744037,0.0059612365
0.005649904,0.0171848,0.0041999524,0.023904487
0.004789903,0.015855474,0.0035398952,0.020842202
0.018889295,0.01574529,0.017921623,0.016400825
0.0031022497,0.009921963,0.001929737,0.009815608
0.0038256128,0.014929235,0.003036148,0.01859324
0.020274688,0.016945368,0.022516709,0.018226858
0.008887971,0.0075384416,0.006644628,0.0065133083
0.001727814,0.003939667,0.0011315029,0.003158972
0.0020090844,0.006328836,0.0014442017,0.006365508
0.007999584,0.006645342,0.005972383,0.0066039236
0.0015482174,0.003715314,0.0010704254,0.0039616544
0.0046214,0.003757074,0.0034229795,0.0040280106
0.0012600097,0.0022474308,0.00088066055,0.002539885
0.0028011193,0.0022576537,0.001973827,0.0025087493
0.0009935012,0.0014887993,0.00060872803,0.0016367732
0.0017461742,0.0013826787,0.0012645491,0.0015054704
0.0006045883,0.0009778527,0.0003973966,0.0009682678
0.0032126391,0.017715527,0.0031570909,0.02015251
0.003203992,0.016420744,0.0029576882,0.01891019
0.0017059601,0.016591463,0.0014329191,0.01544353
0.0022245287,0.017634625,0.0024950216,0.016223485
0.016951585,0.015648782,0.020205371,0.014149289
0.0017445404,0.010029053,0.001726825,0.009364366
0.009554934,0.008349951,0.013314952,0.009563555
0.0015343324,0.005060151,0.0012031369,0.0048342436
0.0040394496,0.0038964634,0.005312809,0.0050974693
0.0009683025,0.0026944387,0.00091230776,0.0025394568
0.0019916927,0.0019585527,0.0024764389,0.002564547
0.0029573156,0.014888047,0.0033576444,0.014789541
0.015560552,0.014420024,0.019497158,0.016475474
0.0018345115,0.007869969,0.0018121667,0.008734687
0.001185725,0.013806194,0.0018525711,0.017764438
0.002113475,0.01570915,0.0034972727,0.01759011
0.017993579,0.019163953,0.01561127,0.017149288
0.016748723,0.019350711,0.015851593,0.016421005
0.0032112987,0.014373229,0.003583365,0.016621642
0.016890444,0.016403517,0.014589552,0.015416468
0.0019246959,0.009046051,0.0024952285,0.01070202
0.010571791,0.010416949,0.009757694,0.010383714
0.0014488574,0.0050826464,0.0016119069,0.00623232
0.0055903504,0.004984805,0.0053479,0.005615195
0.016601535,0.018049514,0.014158996,0.016056882
0.014311131,0.015075844,0.013751405,0.015884899
0.015258453,0.01691936,0.015629528,0.015364627
0.003617819,0.014302196,0.0042982986,0.01632492
0.0042335507,0.013111364,0.0044796634,0.013898503
0.0187507,0.014962271,0.014459167,0.014770035
0.0049953354,0.010651253,0.005027364,0.01062624
0.003462476,0.012492932,0.005101187,0.017468747
0.017864564,0.013838768,0.014398942,0.016421964
0.0021483896,0.008495532,0.0027771322,0.01125613
0.009172762,0.009150636,0.009271809,0.010513701
0.017389344,0.014377459,0.016670506,0.014129661
0.0046883235,0.0061058905,0.0058732787,0.005836387
0.0015482128,0.011816435,0.0030449934,0.015562259
0.0028236725,0.013407801,0.0036944484,0.015053914
0.017453931,0.014085064,0.015195487,0.0123703955
0.0017475955,0.00907667,0.0023015318,0.008646223
0.0024738533,0.01147637,0.002806392,0.013810913
0.0023556254,0.012626168,0.0031764468,0.013559321
0.014682269,0.01211083,0.014687477,0.012628026
0.014951381,0.014505247,0.017229035,0.014250601
0.018084375,0.01564316,0.017831141,0.01562085
0.017715776,0.01563083,0.016106976,0.013685591
0.0045886287,0.0044731363,0.0056167003,0.005157777
0.019806327,0.01623068,0.018281829,0.01417475
0.0019139564,0.0025985055,0.0032878816,0.003489655
0.008545188,0.0093780225,0.00985179,0.00967148
0.021127742,0.01806217,0.015992869,0.015714653
0.01738372,0.013906164,0.016450524,0.015387433
0.0158954,0.0037330529,0.015223892,0.005212759
0.00427301,0.0017209803,0.003260551,0.0019592263
0.0033607949,0.0014835199,0.0038674462,0.0015831775
0.0058770073,0.0013634122,0.004230486,0.0012232066
0.0037817939,0.0008369262,0.0041755983,0.0008521168
0.0187319,0.000668496,0.014737065,0.0007921357
0.007650192,0.0007130788,0.006332372,0.0008183368
0.014796644,0.018670376,0.010194178,0.017109236
0.012256424,0.0154152075,0.011825173,0.019550124
0.0046284534,0.0048444383,0.005596744,0.004669735
0.0016846157,0.0008277095,0.0023774127,0.0010709121
0.01087657,0.0039209034,0.012006646,0.0025864448
0.017925953,0.003678155,0.016754631,0.0038079354
0.017332178,0.0027007821,0.016503474,0.0024719639
0.014996825,0.00314133,0.01456123,0.0024787146
0.014563274,0.0148113435,0.015137242,0.015165484
0.0046384996,0.0010405375,0.0055584162,0.0014719792
0.017054893,0.0016936453,0.014828704,0.0014963509
0.01564121,0.0011742298,0.01534054,0.0011487961
0.012502039,0.0009785598,0.012864595,0.001190907
0.01792879,0.0012562549,0.016098622,0.0012811619
0.014140809,0.0012709281,0.013693771,0.0014913881
0.0132780485,0.010525927,0.0152569,0.010283908
0.015918845,0.0072006835,0.015664544,0.009623998
0.014702705,0.009375976,0.018245082,0.009587632
0.019173115,0.0041182227,0.015493982,0.0022053672
0.015589276,0.008723605,0.016671052,0.01009554
0.018105906,0.0031261817,0.015623137,0.0015602062
0.018402932,0.010658421,0.016300393,0.014396905
0.01426119,0.013707261,0.014097248,0.01489703
0.0059191575,0.0036835903,0.005338625,0.00330093
0.004617209,0.0047640293,0.0057310155,0.0045693074
0.017651036,0.008281557,0.01551814,0.005062258
0.017802317,0.018934067,0.016582832,0.01990553
0.004852646,0.0014503507,0.0062698787,0.0009850042
0.016170427,0.0031716828,0.017102672,0.0015407467
0.017514475,0.019783154,0.016340517,0.013858349
0.0056390604,0.00296848,0.0058782087,0.0014041628
0.011303203,0.007191715,0.00996762,0.0048912526
0.02038773,0.0061296136,0.016638787,0.0026790681
0.024567392,0.004007165,0.019578336,0.00279967
0.022673126,0.015216297,0.016365169,0.016444812
0.029233664,0.019274423,0.019946884,0.015995197
0.029701376,0.017916704,0.020169375,0.016379863
0.036011852,0.023699282,0.021583376,0.017620657
0.035683446,0.023259513,0.025993418,0.017107354
0.031830102,0.026960434,0.026033916,0.0045609106
0.028005186,0.028981505,0.029567314,0.0045281085
0.021316001,0.025296442,0.027419431,0.018914796
0.01911508,0.030474484,0.024269542,0.023547607
0.0075075324,0.008965755,0.008039257,0.0071112206
0.011989864,0.008355856,0.009007078,0.0025319243
0.023038479,0.029259887,0.030326728,0.0031869595
0.022964017,0.03127701,0.028578218,0.027203893
0.0105834175,0.014728401,0.017896319,0.0025120394
0.008423068,0.013005649,0.009226372,0.009208991
0.004795287,0.0065782256,0.0060456907,0.0017041173
0.015668474,0.029869992,0.03521194,0.019487955
0.0036051013,0.0044292742,0.003547534,0.0014784602
0.011987848,0.014170674,0.018051248,0.0072513167
0.002380503,0.0020555162,0.0018013978,0.00091469457
0.015652275,0.032534085,0.030954557,0.0016711846
0.016458783,0.030423544,0.029791277,0.020172995
0.016122863,0.027924776,0.029638013,0.025236662
0.0075293817,0.0106227975,0.010118715,0.0055839363
0.0072338115,0.010177316,0.010308649,0.008596374
0.0050436794,0.006494658,0.004193537,0.003414328
0.003942876,0.0041688066,0.0061467793,0.0035901547
0.002693752,0.0026617742,0.0024337412,0.001938155
0.019151194,0.024421219,0.029253725,0.027652875
0.011583985,0.026081352,0.028476607,0.0035267232
0.013345739,0.02272187,0.02773457,0.024908213
0.010642836,0.021903437,0.02639508,0.028842892
0.013981521,0.025745573,0.026045946,0.02585489
0.013069872,0.025787072,0.028944267,0.024873415
0.018566793,0.00858419,0.02750032,0.0059577106
0.022008207,0.02706567,0.026564533,0.020629875
0.010521967,0.002761486,0.014566177,0.0023364741
0.013089886,0.009925991,0.014484572,0.0072299656
0.025150996,0.0037241983,0.024961548,0.01864985
0.02077762,0.024783462,0.027940761,0.023481118
0.02152263,0.0058371266,0.02589428,0.020284105
0.024139943,0.007711935,0.029105721,0.01895865
0.027044455,0.0050193523,0.02987271,0.025062947
0.024223637,0.0043992097,0.023103647,0.021985035
0.021323519,0.027468216,0.026029434,0.024451064
0.019743564,0.025925409,0.025528975,0.022366844
0.020235598,0.02569308,0.026992308,0.021021768
0.013521821,0.010692562,0.01794643,0.010789085
0.01089084,0.007965024,0.011754143,0.0073065804
0.022711553,0.028529419,0.02785443,0.024386363
0.0057153273,0.0041357973,0.0059178467,0.0041818144
0.012657129,0.012883586,0.013056694,0.014813124
0.023543525,0.031344533,0.023239281,0.022030957
0.0066570034,0.0024343706,0.010364517,0.005253551
0.014247651,0.015201738,0.014268945,0.013353092
0.0043696235,0.0010592935,0.004736184,0.0029800609
0.008232658,0.0070556207,0.0068036225,0.0067229066
0.003762652,0.0033851895,0.0036023275,0.0034452507
0.023387305,0.027096825,0.029064648,0.025077172
0.025071796,0.02890409,0.02609112,0.023976907
0.011494101,0.013853736,0.01801727,0.012327924
0.013418435,0.013862396,0.015402577,0.01427342
0.02991912,0.028511286,0.02517571,0.02317876
0.0272124,0.028233716,0.025951777,0.027966926
0.024990603,0.028068412,0.026300805,0.024059556
0.022475582,0.025169643,0.02959399,0.02512089
0.0134682525,0.015264414,0.016341854,0.014762723
0.009382298,0.009670666,0.011625634,0.011203496
0.02733927,0.028236689,0.020447638,0.022650264
0.005356799,0.0057645487,0.006528806,0.0064099017
0.01522351,0.015801437,0.013914712,0.01468208
0.003380984,0.003390248,0.0039553507,0.0038710674
0.008050083,0.009286952,0.008124679,0.008452366
0.0023110555,0.0026437882,0.002787691,0.0027070967
0.0050161267,0.004687152,0.004807626,0.0048044873
0.027322607,0.0023622862,0.023280421,0.0024323098
0.02707871,0.001860695,0.026195023,0.0017657372
0.023934327,0.021835078,0.025058456,0.029636782
0.017039247,0.0016326909,0.014656375,0.0015216419
0.015671415,0.009483659,0.014847467,0.017606137
0.009071371,0.001232329,0.0075494386,0.0013121751
0.009403041,0.005138676,0.007269075,0.00920419
0.022229854,0.018727673,0.02556027,0.031460512
0.0047543067,0.003031537,0.0036330267,0.0043760203
0.014578813,0.009444818,0.015179461,0.018504964
0.0034213888,0.0021157614,0.0022589685,0.002695283
0.007983588,0.0049738996,0.007784775,0.008231955
0.0018269237,0.0013735614,0.0012856447,0.0017579626
0.0037243902,0.0028603405,0.0037602833,0.0038841753
0.00096366403,0.0008130393,0.0008866434,0.00092875224
0.002409058,0.001732366,0.002437788,0.001948985
0.02790437,0.0020603216,0.02209146,0.0027849693
0.026282126,0.019372042,0.025111716,0.031019572
0.016165497,0.001958793,0.012223725,0.0026305371
0.0153374225,0.008640002,0.01479803,0.017139344
0.007833709,0.0015152738,0.0070597897,0.001841188
0.0076783206,0.004222232,0.007178537,0.007580062
0.023495756,0.017675469,0.024796652,0.030455355
0.0036920097,0.002367514,0.0031615854,0.0036269394
0.014754526,0.0090508675,0.013465447,0.019053157
0.00224435,0.0016463535,0.0021005375,0.0020880904
0.0071371384,0.0045188507,0.005961051,0.008679544
0.0015305758,0.0010582888,0.001316747,0.0012290619
0.0037014638,0.0022359123,0.0030728674,0.003993579
0.0010590398,0.0010344188,0.0009133017,0.0009616765
0.0019649419,0.0014174097,0.0017346721,0.0019886538
0.0007442415,0.0006432177,0.00070633396,0.00067110977
0.0011149849,0.00088793336,0.0010944821,0.0011763196
0.00040445745,0.00039726074,0.00046982002,0.0003766418
0.029394057,0.024282333,0.024841504,0.028038854
0.025693476,0.02036955,0.02602982,0.03018653
0.016000807,0.0101783825,0.012675958,0.017281035
0.030028151,0.013761187,0.020895807,0.01418376
0.0069356663,0.005088106,0.0066194125,0.007361115
0.016598333,0.0035130829,0.013878173,0.0039619813
0.0030985742,0.002750239,0.0035256397,0.0033199445
0.02992752,0.024841111,0.020407788,0.025833892
0.029952176,0.022539955,0.023195075,0.025773147
0.029141145,0.020461068,0.02321337,0.028095968
0.024386303,0.019029781,0.026183734,0.028056066
0.014506691,0.011933007,0.015489772,0.015864318
0.011963151,0.011599851,0.011956748,0.009070019
0.0070711155,0.006534869,0.008369362,0.007480594
0.030774668,0.010213903,0.022325916,0.011106026
0.02779327,0.011262963,0.023237722,0.009854593
0.02090284,0.01962438,0.024597205,0.025367169
0.013354836,0.0031970916,0.015453185,0.0037286822
0.02540255,0.0060841516,0.020557106,0.011169411
0.016776187,0.0019162189,0.021857297,0.0029938342
0.018326018,0.0032743614,0.01838603,0.0031557519
0.018619586,0.0054109013,0.018203722,0.007064561
0.018753983,0.002625235,0.015961032,0.0033218847
0.014866935,0.001913042,0.017679024,0.002473405
0.017522547,0.00470977,0.01650393,0.0067988327
0.016471626,0.0027731329,0.022044888,0.004042145
0.018660398,0.0059365067,0.019964123,0.007097917
0.020062797,0.021163795,0.017030887,0.018994533
0.01092113,0.0040876623,0.011909487,0.0049004266
0.011432745,0.011208398,0.010340689,0.011711276
0.02217294,0.023448423,0.013939501,0.018841822
0.01989285,0.02475701,0.01590943,0.019057468
0.005269268,0.0014769427,0.006676573,0.0024387902
0.010056113,0.0129249375,0.010507496,0.012477389
0.00351403,0.001114951,0.0045692055,0.0019158239
0.0050659375,0.005515475,0.007035738,0.007816696
0.01900509,0.028570097,0.014364254,0.019083401
0.018123977,0.026722124,0.013428906,0.021391232
0.0036043127,0.0015038087,0.005260473,0.001893777
0.010946509,0.015133422,0.009799248,0.01380223
0.0023288808,0.00096743816,0.0032826886,0.0012778451
0.0059218244,0.006652515,0.006217204,0.008268991
0.019247571,0.03146285,0.013862252,0.022485357
0.0018703088,0.0014559272,0.003400831,0.002125076
0.011269152,0.016558535,0.009083351,0.012225945
0.0016846785,0.0015663063,0.0027109287,0.0017581732
0.0061689476,0.0068396516,0.006056525,0.006505814
0.0012911509,0.00096599385,0.0020153248,0.0014040167
0.0034684367,0.004171877,0.0042170133,0.0038532398
0.018837092,0.03187576,0.014300752,0.019918429
0.002219545,0.003038016,0.003116574,0.0029401402
0.010673482,0.016251938,0.00983278,0.010664797
0.0020784196,0.0020874995,0.0031121755,0.0025993637
0.005941016,0.007465019,0.007380361,0.005985963
0.0013854872,0.0014127997,0.002093339,0.0017582602
0.003030486,0.0032162906,0.00447091,0.00310118
0.02116807,0.030479642,0.014995679,0.01918378
0.0017698605,0.0017092489,0.0027943575,0.0018520453
0.010445958,0.013723828,0.010280579,0.010631806
0.0012213608,0.0011401811,0.002020784,0.0012355559
0.004800863,0.0056352434,0.006255265,0.0053997645
0.022513406,0.02559322,0.015261576,0.019162782
0.0028817267,0.003202607,0.004135108,0.0032322411
0.010516812,0.012798776,0.0104600135,0.010592214
0.001764575,0.0016566132,0.0027308618,0.0018881607
0.0045409296,0.004970182,0.006316505,0.005317975
0.023204153,0.014101201,0.01604931,0.01755035
0.022889996,0.023148652,0.016476212,0.016810639
0.023542618,0.024629444,0.017252732,0.01901201
0.022108732,0.029314836,0.016082529,0.018597838
0.0074642077,0.007434848,0.008377221,0.013318978
0.0014626569,0.0013803922,0.0020666735,0.0020507034
0.0010271551,0.00081675,0.0015453589,0.000992756
0.0013973359,0.0016959503,0.0024460356,0.002305577
0.0036685322,0.0022113128,0.006292208,0.005148503
0.021848923,0.016418895,0.01488455,0.014240418
0.021224733,0.021330934,0.014173926,0.014296327
0.003276285,0.0040474813,0.0050388565,0.0047902474
0.010850548,0.012211521,0.008922725,0.009111881
0.0034089142,0.003734861,0.0060396856,0.00493568
0.00506345,0.005972033,0.0055040275,0.005675097
0.0014435956,0.0017359364,0.0024027105,0.0023208817
0.0027174533,0.0032031804,0.0030732525,0.003122931
0.0010621068,0.0011586356,0.0017264806,0.001651605
0.0017828356,0.0018814384,0.0021202227,0.002056479
0.022237876,0.022886511,0.015390151,0.014912479
0.0014262001,0.0015583948,0.0016610468,0.0017487453
0.00396939,0.0028697134,0.0050691655,0.004728938
0.018842816,0.015810085,0.013363719,0.016275294
0.006756724,0.006803016,0.0064764265,0.0070724003
0.009263186,0.0058509093,0.0075944196,0.009941082
0.01360716,0.014044624,0.016343987,0.019681089
0.013579877,0.017217724,0.01701021,0.019517295
0.0032958533,0.0026196905,0.0171187,0.0191141
0.0018144585,0.001298794,0.019228892,0.020357192
0.014091831,0.01980051,0.024002073,0.018147398
0.0139812045,0.021217497,0.026847433,0.023111446
0.013645013,0.017777484,0.031974375,0.027648931
0.015394198,0.019297088,0.030794222,0.02872735
0.0065845847,0.005794431,0.03219912,0.028705934
0.014730722,0.01616563,0.032513324,0.03675423
0.015115447,0.0192701,0.04614434,0.048905633
0.021951027,0.020708788,0.05569391,0.051196896
0.01863533,0.01982369,0.038451143,0.04205974
0.018689865,0.021049824,0.08327769,0.08402609
0.013771605,0.011119296,0.07422982,0.065613724
0.013416416,0.011773818,0.044379223,0.04069192
0.028957963,0.022441512,0.08480534,0.06695923
0.023721764,0.018910687,0.041437976,0.03278002
0.025440149,0.028398227,0.032871783,0.025768247
0.03305149,0.031725038,0.027262088,0.021399684
0.035674367,0.036326475,0.030673195,0.02792313
0.022828672,0.037411317,0.024974737,0.02747564
0.023662284,0.024534179,0.026627233,0.029300753
0.006674514,0.005185548,0.025863878,0.02087295
0.014320643,0.015870044,0.023083052,0.016610663
0.015451476,0.018010136,0.030501205,0.019489748
0.029260997,0.034772165,0.026177553,0.01799546
0.0088517675,0.009390168,0.015919268,0.010070468
0.021887144,0.024654618,0.022257663,0.016860396
0.006631596,0.006413541,0.01293141,0.0061557936
0.011979843,0.012670752,0.01340358,0.009577995
0.028615605,0.03885641,0.03328395,0.021107025
0.007814047,0.00715033,0.008692104,0.0056434693
0.018351076,0.02021869,0.018484773,0.010866232
0.004792453,0.0041941237,0.0056215785,0.0037544733
0.011163967,0.011612063,0.011382768,0.0067222943
0.003016774,0.0025476927,0.003575581,0.002420016
0.006764385,0.0068009268,0.0072895577,0.0042455033
0.026000671,0.004965065,0.027551757,0.017116368
0.021934742,0.0066236304,0.027454527,0.013459409
0.020943081,0.0061617186,0.024277437,0.011069094
0.019269384,0.004047437,0.022790305,0.009484121
0.024716783,0.0055888947,0.019240774,0.009862637
0.020790149,0.00718677,0.017341465,0.014107762
0.01867056,0.028006509,0.019586556,0.019848293
0.018906798,0.030962363,0.025512118,0.018403573
0.017949125,0.03005617,0.025891693,0.01840344
0.025289834,0.036984645,0.030527826,0.024629561
0.020916853,0.021117372,0.023134293,0.023611426
0.020039886,0.014692789,0.025810292,0.017751172
0.018533217,0.03437308,0.02396126,0.016148662
0.014773117,0.0067520747,0.019127106,0.013680063
0.014719157,0.023915378,0.01916191,0.013230312
0.010487341,0.004994114,0.012658312,0.008789719
0.010608444,0.014467215,0.0142175825,0.0100677
0.008886308,0.004881883,0.011763398,0.007859346
0.007237411,0.008739196,0.009190222,0.0070472546
0.019500358,0.033899244,0.027932474,0.016160475
0.0048260507,0.007198306,0.0064635845,0.0047496296
0.0049840277,0.0039647976,0.008008111,0.007140428
0.0041937,0.004734909,0.006179871,0.003937941
0.011209575,0.019471789,0.01783177,0.010367251
0.004921238,0.0053959684,0.0075634085,0.004949967
0.008936947,0.012026016,0.0124209365,0.008798339
0.017720012,0.025362842,0.027795302,0.015974574
0.0062007676,0.0058427905,0.0071500754,0.0061763898
0.02502646,0.022872865,0.015824176,0.014471438
0.023763815,0.025379572,0.016370129,0.01839301
0.0047289445,0.0046356344,0.0058817565,0.0042770733
0.013713067,0.015757684,0.010720008,0.013310093
0.004067879,0.003795186,0.005183381,0.0036627832
0.008160629,0.009854155,0.0074669793,0.00936564
0.0032631108,0.0030508176,0.004175927,0.0029338216
0.004775069,0.006029125,0.005267078,0.0060115005
0.0024823938,0.0024870185,0.0034812344,0.002384864
0.0031302725,0.003574025,0.0036927285,0.0037796951
0.006014751,0.006167921,0.0073521277,0.006451602
0.025609419,0.02630907,0.013172449,0.015319578
0.0060753073,0.005681687,0.006472809,0.0060725054
0.01716072,0.02009393,0.0136575615,0.013078921
0.0061661033,0.007001688,0.0096486565,0.006507267
0.008395869,0.010117541,0.008250744,0.007672011
0.0024366006,0.0021926833,0.0035148242,0.0027958495
0.004876804,0.005974025,0.005347761,0.0046594995
0.0016290343,0.0014425801,0.0023092208,0.0018829057
0.0026812183,0.003359504,0.0034380718,0.002908991
0.026188737,0.025352627,0.010701212,0.015400836
0.027131569,0.023662781,0.0120862825,0.019515725
0.023676608,0.021191563,0.01211285,0.019550398
0.022352193,0.014700165,0.014196045,0.020239802
0.022782745,0.003603326,0.014041516,0.004385852
0.022921398,0.009712092,0.015860254,0.017239945
0.02177778,0.021470444,0.017629828,0.026973864
0.015177671,0.005571285,0.012632507,0.007399516
0.011870485,0.010192907,0.01260129,0.015038877
0.00922479,0.003362007,0.009892399,0.0053902585
0.022788756,0.0012365382,0.014830135,0.0019002677
0.02120476,0.020234153,0.016631959,0.022371061
0.013918522,0.0007359878,0.011336772,0.0012604264
0.014038777,0.010081306,0.011840318,0.014548238
0.008707145,0.00068230886,0.008397394,0.00105713
0.008613342,0.005722187,0.0082317395,0.008596829
0.023469858,0.0273112,0.016500548,0.022071492
0.024709743,0.02766227,0.01847383,0.026704632
0.029924981,0.030399082,0.018639652,0.024826415
0.033646468,0.031409428,0.018071905,0.023593128
0.03616639,0.028417846,0.019422425,0.0017327989
0.03206382,0.030083772,0.018640418,0.005279302
0.03483311,0.035470445,0.020625656,0.0216625
0.06482382,0.036055297,0.005886662,0.004023913
0.024334371,0.025623607,0.007925629,0.0067148157
0.043130245,0.030209456,0.008412141,0.008323032
0.022000732,0.021594314,0.022555877,0.02362392
0.027672322,0.010221387,0.005319446,0.004683337
0.029985566,0.010921639,0.014401187,0.015098409
0.038100943,0.020394826,0.020829711,0.026386691
0.03964293,0.02279898,0.023938265,0.028977279
0.03252926,0.023365667,0.022924429,0.019910697
0.02009914,0.015486967,0.025741331,0.046169724
0.014639473,0.008608198,0.012559317,0.014060363
0.014904863,0.009016198,0.012355514,0.011968351
0.04715005,0.03083584,0.019753011,0.030531533
0.037785277,0.016856685,0.020695562,0.023729436
0.03423288,0.017621268,0.02243241,0.008754903
0.022086957,0.011966719,0.026110226,0.006244144
0.030590372,0.024231626,0.017700989,0.019203756
0.018131731,0.014533756,0.017313264,0.017328944
0.017023893,0.0136051085,0.020012364,0.018397255
0.022241438,0.022297595,0.028967503,0.021063313
0.020243855,0.017969929,0.026828349,0.01758884
0.021412203,0.014848935,0.029391434,0.008465486
0.023607122,0.017262153,0.026789043,0.018303014
0.02638096,0.020309873,0.0376325,0.020617869
0.029348742,0.019983772,0.041732,0.019818436
0.027204735,0.021378785,0.039912127,0.024047926
0.033472937,0.008040657,0.03819009,0.030595073
0.0386283,0.00842554,0.026268708,0.022738617
0.030624464,0.024464447,0.036393344,0.03167268
0.040258348,0.02036398,0.025958166,0.026529284
0.029960714,0.028935997,0.033626817,0.024405554
0.03420126,0.040921304,0.023521084,0.02223092
0.01145998,0.012500683,0.015907196,0.017126674
0.010300823,0.010385363,0.014261779,0.014409421
0.040053558,0.0066072545,0.023402758,0.027247457
0.006541927,0.0062250188,0.009193599,0.009459505
0.015894003,0.0037025767,0.016838675,0.01841882
0.03656149,0.024137788,0.016421253,0.022166623
0.007886623,0.0027068318,0.008615408,0.010623371
0.016731787,0.011626835,0.01068349,0.014383456
0.0051015676,0.0020191157,0.0059858914,0.006941641
0.007640091,0.0070534577,0.0070173703,0.008954075
0.04209231,0.028412158,0.014727092,0.02242174
0.0047441334,0.004248359,0.0042232154,0.0055112317
0.015481515,0.011677236,0.009475825,0.013707431
0.002845004,0.0029709742,0.0029294137,0.003904488
0.007698927,0.006391203,0.0060064145,0.009031372
0.0422236,0.022982048,0.011083891,0.025869252
0.004708094,0.004701464,0.004012329,0.006080046
0.015493947,0.011568086,0.007297482,0.014367514
0.0026498616,0.0027769867,0.0027930324,0.0039737932
0.0073716957,0.0066840746,0.004977651,0.009154578
0.0058751106,0.004492545,0.0102902185,0.020975092
0.03186063,0.019404422,0.008193562,0.020671284
0.0031901905,0.0031159604,0.006413841,0.013782563
0.015635299,0.011483628,0.005887851,0.013845408
0.0023322338,0.002641979,0.004809768,0.009764465
0.007269329,0.006699189,0.0046103243,0.009886049
0.002504538,0.024708968,0.008013112,0.017499652
0.028059643,0.020516658,0.013467425,0.020401502
0.030510815,0.022157675,0.012373449,0.02771399
0.01067175,0.014575433,0.011707656,0.025671545
0.01763388,0.01148898,0.008887232,0.015635336
0.0038298557,0.0049331393,0.009133859,0.015930621
0.0076979594,0.006955042,0.00679683,0.009780428
0.008925729,0.0084322505,0.0070627574,0.01105093
0.015362988,0.026612991,0.011006554,0.019468758
0.033366647,0.02194695,0.016459437,0.02333832
0.028234694,0.021732371,0.015541511,0.0216505
0.028982716,0.020956654,0.016449342,0.023470161
0.017954972,0.011293665,0.016188411,0.024344945
0.016634513,0.011772978,0.011658261,0.016730981
0.010667401,0.00902175,0.011096916,0.0137404315
0.008693721,0.008146622,0.0083248075,0.01135432
0.017365394,0.019191625,0.014457949,0.021990957
0.02438222,0.020021707,0.014818187,0.020551883
0.0059356457,0.011551519,0.010270353,0.013488619
0.013619116,0.011888457,0.010290229,0.013323615
0.0035428482,0.007268589,0.0072049308,0.008661848
0.008323174,0.0076526552,0.007591894,0.008848115
0.026841149,0.021100512,0.013335054,0.017241908
0.0054686456,0.005171993,0.0053822184,0.006137777
0.015441241,0.013360745,0.00953122,0.012886157
0.0036458564,0.0035357133,0.00433416,0.004670294
0.008539841,0.008562115,0.0070883846,0.009046899
0.025292156,0.021803338,0.012716104,0.017798018
0.0050831246,0.005208203,0.0049664765,0.005768149
0.014917849,0.008515759,0.008302992,0.010576356
0.0037189138,0.0034670373,0.0036917499,0.0040921154
0.008164097,0.0046511805,0.0059877085,0.0067404946
0.0026709996,0.002503261,0.0027393326,0.0029871366
0.004968714,0.003149728,0.004168995,0.004488571
0.0017816231,0.001947244,0.0020435725,0.0023125368
0.0032963306,0.0020214524,0.003006689,0.003220346
0.0012669384,0.0012899177,0.0015361502,0.0015754809
0.0020773262,0.0013472976,0.0021628926,0.002245646
0.003137429,0.021262906,0.011771638,0.023244314
0.0019568445,0.021848224,0.012146257,0.01916617
0.023559446,0.02311873,0.013282594,0.018239122
0.025490988,0.018567922,0.013708485,0.020415125
0.026258407,0.021847714,0.013842481,0.019669548
0.023676895,0.019984376,0.013977904,0.02151961
0.023009043,0.020083472,0.017934129,0.020283049
0.016662095,0.017523313,0.017276883,0.022046732
0.012725651,0.008902461,0.010775403,0.012829869
0.010149989,0.004723224,0.008869537,0.010671148
0.0076182643,0.0037965386,0.007511641,0.0065006516
0.006069602,0.0029809964,0.0062393667,0.006956964
0.004816059,0.0027817695,0.0055172537,0.0046302923
0.0021598919,0.00213779,0.0030331821,0.0030580927
0.0038045077,0.0040704766,0.00493872,0.004218776
0.014554887,0.020824827,0.010762448,0.01700353
0.002983813,0.0028965357,0.0043277843,0.003622437
0.00643327,0.011862287,0.0070762355,0.009866424
0.002298934,0.0023438542,0.0035513325,0.0031159832
0.0032171202,0.0066791587,0.0046971003,0.006378811
0.0016651389,0.0016284847,0.0028075115,0.0021669378
0.0027742563,0.004252861,0.0034099864,0.0043270225
0.016425278,0.01946023,0.012062828,0.016331142
0.001999694,0.0024958318,0.0035268832,0.0033970568
0.004850329,0.0090420935,0.0059199324,0.00946146
0.014699563,0.021969873,0.009709928,0.015695024
0.014231254,0.021992661,0.011965037,0.016674643
0.024781555,0.022168059,0.014415277,0.015321924
0.003958674,0.0026043458,0.0041367877,0.0035032986
0.0021099127,0.002188789,0.003147571,0.0027544305
0.0034852382,0.0035627445,0.0035150358,0.005204899
0.0034757569,0.00470019,0.004688051,0.006390613
0.015011265,0.020211248,0.009098989,0.01157488
0.0132192215,0.021129774,0.008992883,0.012854198
0.023176076,0.023423944,0.012247359,0.0149643365
0.0215341,0.023815544,0.013752665,0.01798787
0.020112664,0.02380133,0.016081132,0.022837032
0.00097289885,0.023488777,0.0015203998,0.024742823
0.0025952067,0.019124668,0.002422096,0.023276653
0.0013933079,0.018362654,0.0020018474,0.022559714
0.0048665116,0.022218738,0.005671446,0.019444512
0.003161165,0.018474288,0.004412417,0.024995489
0.004753963,0.01949473,0.005296081,0.02323744
0.024521045,0.02168847,0.015012456,0.020828249
0.0034232014,0.008051326,0.0041902573,0.011997314
0.00942242,0.010006554,0.008400272,0.010619825
0.027523797,0.0256287,0.013362387,0.020013686
0.005354119,0.0052882014,0.005391401,0.0062853047
0.010126396,0.010992743,0.007494092,0.008832638
0.026527682,0.023338063,0.0127513185,0.020399544
0.024060123,0.022793798,0.0156697,0.02278946
0.004355913,0.020121485,0.005061832,0.024246484
0.012588627,0.013487853,0.009800828,0.013570359
0.008097953,0.010979205,0.007997547,0.0094313
0.022496713,0.026027791,0.018920451,0.020264953
0.0024591237,0.028221581,0.0051866006,0.02206999
0.017255563,0.028222004,0.024479432,0.020281905
0.020278096,0.033951793,0.025122628,0.019925773
0.026057905,0.0419172,0.023426536,0.0238076
0.021303182,0.03798339,0.024339447,0.026338931
0.027219597,0.03810002,0.0053938855,0.030251235
0.027473284,0.052757673,0.0046151974,0.026396573
0.033315044,0.045226905,0.0074574663,0.029432597
0.026015563,0.029794862,0.0055496492,0.03130658
0.024037331,0.034073018,0.028486528,0.028661998
0.026367746,0.029004611,0.0292233,0.02871535
0.017515676,0.022736106,0.017239526,0.016283963
0.017601833,0.020260429,0.0149639575,0.016148912
0.027273387,0.031473614,0.03247838,0.033551756
0.03312304,0.023610178,0.03282854,0.031221827
0.016780581,0.018037984,0.015440289,0.019812828
0.017777447,0.016430981,0.014309501,0.0155431805
0.01038328,0.011965747,0.008147461,0.010637611
0.030094959,0.04387392,0.03299647,0.034924116
0.022613192,0.03177287,0.035073563,0.04027079
0.03538615,0.03344392,0.037782714,0.045370564
0.024705635,0.023339927,0.032073047,0.040601082
0.00797797,0.019992134,0.007923297,0.03856917
0.00594543,0.021726929,0.0034608785,0.054435905
0.029807072,0.025962684,0.024967916,0.04548236
0.039615445,0.027196698,0.017301211,0.040871873
0.041732095,0.027769078,0.013890713,0.032782774
0.019442987,0.019838467,0.009687465,0.015269546
0.030875737,0.023954306,0.021886414,0.026632532
0.027254933,0.01946923,0.025967242,0.031297315
0.015138194,0.015944704,0.011801226,0.012709123
0.02982894,0.021390272,0.026880229,0.025166094
0.003562592,0.020499205,0.002863272,0.030699853
0.013495702,0.014185314,0.013229837,0.01293193
0.022181159,0.019011065,0.033258237,0.03587869
0.024285568,0.018700754,0.029011138,0.02822013
0.02880852,0.021112636,0.02766665,0.023530496
0.0058424477,0.0072116796,0.0049891653,0.0055467514
0.011552502,0.009989665,0.009952208,0.009992981
0.02427708,0.01714813,0.037934802,0.028520111
0.002897351,0.0108272815,0.0026529408,0.008385845
0.014327114,0.011296337,0.016104838,0.015094396
0.0029885701,0.0076333033,0.0016250035,0.0049691037
0.009714864,0.007241869,0.0073965774,0.008690596
0.00480562,0.01857853,0.005574161,0.033608973
0.0053221043,0.0047042137,0.0054437257,0.005842667
0.003767754,0.004776564,0.0028392444,0.0032575324
0.0039052446,0.018031478,0.0032977911,0.023659721
0.004524027,0.016671175,0.0029440944,0.016156055
0.019810893,0.019900978,0.0397097,0.019739134
0.0039915945,0.010776137,0.0025405684,0.008363401
0.011849882,0.011273958,0.021619942,0.008422393
0.0036204208,0.0082776565,0.0030803625,0.0054776263
0.006677867,0.006406974,0.009116608,0.0049566943
0.0025287792,0.0049628867,0.0017296637,0.0032835333
0.0041771373,0.004163049,0.004619625,0.0032992463
0.0018632859,0.0033254225,0.0011973011,0.0022675155
0.0031850082,0.003762705,0.0029486292,0.0027139613
0.022512887,0.027777288,0.0381905,0.017900225
0.0024562462,0.0027128481,0.0019400662,0.0022550002
0.01382794,0.01214855,0.015108842,0.0098923575
0.002793484,0.003101238,0.0015133488,0.0023694925
0.00815677,0.0070557813,0.007427341,0.005076704
0.0203499,0.01632967,0.038476977,0.01691054
0.02209977,0.015424687,0.04087766,0.017462676
0.0027062662,0.0050119157,0.0021833726,0.0037694962
0.013134984,0.010028346,0.017959233,0.009774022
0.0020141867,0.004107275,0.001271553,0.0032473444
0.00710244,0.0064822123,0.008238917,0.005351881
0.0014219652,0.002943547,0.0012799691,0.0026859918
0.004301426,0.00443329,0.0044183573,0.0035058644
0.00582252,0.005157175,0.005396181,0.0051406873
0.021667745,0.015186184,0.03694057,0.019078994
0.025580077,0.018732682,0.046273313,0.022576304
0.013770603,0.016490389,0.028005917,0.026196223
0.0033272284,0.0061290483,0.0032759116,0.004841249
0.0052040485,0.008802884,0.005824934,0.011925017
0.0023038075,0.0036827638,0.0014321913,0.00254118
0.003349626,0.0035305116,0.0024513146,0.0036936575
0.0010498986,0.001161937,0.0044131577,0.0013923579
0.00086246995,0.001228571,0.00078358554,0.0011232054
0.0010619379,0.0008798678,0.000939676,0.0010280904
0.0011284687,0.0013861958,0.0007335092,0.0012044113
0.002146993,0.0022537862,0.0014678666,0.001988139
0.022127142,0.015229311,0.036260433,0.01851514
0.0018711231,0.0018393339,0.0012189839,0.0017508536
0.004489755,0.0034403258,0.0038347673,0.0036214662
0.022768307,0.015319848,0.035496358,0.023207463
0.021675926,0.016665153,0.041417107,0.023090323
0.016006207,0.01717303,0.028018352,0.029277291
0.0036852444,0.0036424394,0.0023820908,0.010897007
0.0015008376,0.0023937295,0.00066732796,0.001252471
0.0005387015,0.0008107851,0.00028426968,0.0006430041
0.0010762884,0.0012019512,0.0006083887,0.0010290904
0.0040217936,0.0043759877,0.0042960937,0.004135343
0.019140203,0.017160336,0.01755837,0.019211316
0.018027995,0.015114199,0.017773319,0.015441193
0.009702499,0.0095363865,0.0045234566,0.010028824
0.0097701205,0.009239146,0.0062658763,0.009175993
0.008576191,0.008907354,0.00375137,0.008937102
0.006547679,0.0073446776,0.0042543956,0.007273166
0.015757712,0.016242022,0.026261719,0.018139638
0.0034472425,0.003946671,0.0024828564,0.0035729718
0.008970398,0.009257383,0.012716687,0.0090956325
0.0027637002,0.002933888,0.001680042,0.002665879
0.0054436787,0.0058564767,0.006624737,0.0053601074
0.002512124,0.0024788603,0.0013278762,0.0021232688
0.0024281058,0.0030600575,0.0029228872,0.0026732222
0.019312087,0.016807515,0.017698789,0.018686865
0.020025522,0.017372278,0.016167074,0.018206637
0.02315435,0.016495926,0.020933358,0.017459318
0.023716182,0.018200278,0.0029676177,0.0037818025
0.019027963,0.01686566,0.0021058957,0.0020740326
0.022001274,0.018667346,0.008355276,0.006979199
0.018878913,0.01807336,0.0029935455,0.0035398814
0.019684361,0.018011313,0.020698141,0.0022409381
0.01691494,0.020421905,0.019752946,0.0013422805
0.010887866,0.013058743,0.011853214,0.0019912343
0.01954231,0.015754,0.024773002,0.019616969
0.006887953,0.007786559,0.0062862355,0.0018070145
0.010379558,0.011929441,0.01069843,0.009430528
0.019675521,0.022386037,0.023635589,0.016204659
